policy_id,lat,lon,state,total_insured_value,construction_type,occupancy,year_built,coastal_zone
POL-0000001,41.773744,-71.51737,RI,928912.66,Frame,Residential,1937,True
POL-0000002,42.397814,-71.44506,MA,374208.64,Masonry,Residential,1965,True
POL-0000003,31.713802,-99.191827,TX,181756.24,Steel,Residential,1959,True
POL-0000004,39.699177,-82.847127,OH,127433.27,Frame,Residential,1970,False
POL-0000005,35.140413,-118.941141,CA,487872.93,Masonry,Residential,1927,True
POL-0000006,47.283484,-120.735791,WA,230428.75,Frame,Residential,2003,True
POL-0000007,40.87979,-77.714744,PA,164983.22,Frame,Residential,2017,False
POL-0000008,33.920476,-80.279706,SC,362558.51,Frame,Residential,1992,True
POL-0000009,37.484722,-118.764265,CA,165626.62,Masonry,Residential,2012,True
POL-0000010,42.588852,-71.633426,MA,449218.32,Masonry,Residential,1940,True
POL-0000011,42.18315,-93.462636,IA,219167.96,Brick,Commercial,2007,False
POL-0000012,38.424766,-79.164269,VA,137086.61,Masonry,Residential,2013,True
POL-0000013,43.962116,-76.0106,NY,189119.7,Concrete,Residential,2019,True
POL-0000014,32.469549,-100.760648,TX,474885.04,Frame,Residential,2007,True
POL-0000015,41.958304,-72.060849,MA,148108.45,Concrete,Residential,1935,True
POL-0000016,27.508011,-82.167875,FL,310009.02,Steel,Residential,2013,True
POL-0000017,39.682162,-75.188409,NJ,355390.92,Frame,Residential,1951,True
POL-0000018,38.411373,-119.163735,CA,171747.15,Frame,Residential,1994,True
POL-0000019,30.868509,-99.871914,TX,406003.74,Frame,Residential,1970,True
POL-0000020,42.708336,-75.999604,NY,296899.4,Masonry,Residential,2001,True
POL-0000021,41.818458,-77.922706,PA,238995.44,Steel,Residential,1920,False
POL-0000022,39.516913,-87.098677,IN,249687.0,Masonry,Residential,1932,False
POL-0000023,47.62695,-120.031408,WA,129347.78,Brick,Commercial,1999,True
POL-0000024,32.240971,-98.528391,TX,257892.17,Frame,Residential,1957,True
POL-0000025,33.86745,-81.272783,SC,412756.03,Frame,Residential,1988,True
POL-0000026,41.00926,-72.579855,CT,191067.7,Masonry,Residential,1944,True
POL-0000027,43.662542,-85.720129,MI,151130.62,Brick,Residential,2004,False
POL-0000028,35.800604,-92.844768,AR,125746.84,Brick,Residential,2008,False
POL-0000029,36.731596,-119.639738,CA,158797.98,Frame,Industrial,1938,True
POL-0000030,47.80933,-100.003142,ND,326296.69,Concrete,Commercial,1929,False
POL-0000031,40.996374,-78.995434,PA,107875.23,Frame,Residential,1972,False
POL-0000032,47.102159,-120.780679,WA,241869.08,Frame,Commercial,1947,True
POL-0000033,40.086284,-88.535442,IL,1315717.84,Frame,Industrial,2009,False
POL-0000034,42.102401,-94.50465,IA,133680.73,Steel,Commercial,1999,False
POL-0000035,43.474189,-85.239757,MI,179388.06,Frame,Industrial,1980,False
POL-0000036,41.484614,-72.926397,CT,145398.71,Masonry,Industrial,1931,True
POL-0000037,36.876897,-121.018993,CA,155857.83,Steel,Industrial,1998,True
POL-0000038,44.180738,-85.77146,MI,207205.36,Masonry,Residential,1934,False
POL-0000039,27.211436,-82.110924,FL,322461.71,Frame,Mixed-Use,1983,True
POL-0000040,36.008155,-78.749282,NC,240751.42,Steel,Residential,1984,True
POL-0000041,42.21378,-71.976883,MA,491264.8,Frame,Commercial,1972,True
POL-0000042,32.182266,-98.646096,TX,532811.46,Masonry,Residential,1958,True
POL-0000043,39.779361,-83.799698,OH,892342.38,Frame,Residential,1960,False
POL-0000044,20.949188,-156.595477,HI,152235.27,Concrete,Residential,1996,True
POL-0000045,30.667944,-98.766856,TX,118968.57,Frame,Residential,2011,True
POL-0000046,36.537786,-86.649017,TN,302616.73,Brick,Industrial,1962,False
POL-0000047,36.629874,-85.232611,KY,235430.14,Frame,Residential,1975,False
POL-0000048,33.037057,-83.507518,GA,34997.9,Masonry,Commercial,1963,True
POL-0000049,47.050985,-99.516442,ND,213561.43,Steel,Commercial,1988,False
POL-0000050,38.714794,-119.058018,CA,121371.51,Steel,Residential,1944,True
POL-0000051,39.003033,-75.684453,DE,146217.51,Brick,Industrial,2003,True
POL-0000052,33.203792,-87.117669,AL,137326.01,Brick,Residential,2014,True
POL-0000053,34.536101,-81.07585,SC,468233.34,Frame,Residential,1927,True
POL-0000054,35.778275,-79.234694,NC,531221.07,Masonry,Residential,2009,True
POL-0000055,40.356683,-82.645039,OH,419181.36,Frame,Commercial,1922,False
POL-0000056,34.5726,-80.831909,SC,193687.25,Frame,Residential,1980,True
POL-0000057,42.469501,-71.748119,MA,230976.73,Concrete,Residential,1960,True
POL-0000058,40.044337,-74.397696,NJ,143239.2,Frame,Residential,1962,True
POL-0000059,36.650424,-118.420484,CA,44596.02,Frame,Residential,1991,True
POL-0000060,36.374166,-119.89737,CA,805354.07,Frame,Residential,2003,True
POL-0000061,35.724703,-79.302044,NC,258545.99,Frame,Commercial,1989,True
POL-0000062,43.812361,-86.905749,MI,193520.83,Frame,Residential,1970,False
POL-0000063,40.121633,-74.610469,NJ,174363.54,Frame,Mixed-Use,1976,True
POL-0000064,41.025334,-78.312611,PA,270935.55,Brick,Commercial,1954,False
POL-0000065,43.230513,-75.017807,NY,145940.27,Frame,Residential,1929,True
POL-0000066,39.821165,-74.923046,NJ,65798.0,Frame,Commercial,1938,True
POL-0000067,39.984887,-75.131533,NJ,587387.1,Masonry,Residential,1967,True
POL-0000068,33.267071,-83.486287,GA,363343.05,Steel,Residential,1998,True
POL-0000069,33.698194,-111.699011,AZ,806130.71,Steel,Residential,1962,False
POL-0000070,39.134762,-76.763227,MD,275767.94,Brick,Residential,2019,True
POL-0000071,28.683902,-82.490463,FL,278963.56,Frame,Residential,1985,True
POL-0000072,29.496921,-91.698125,LA,241722.95,Steel,Residential,1971,True
POL-0000073,31.300219,-99.60591,TX,472290.93,Frame,Residential,1940,True
POL-0000074,27.843142,-83.642398,FL,156328.45,Brick,Residential,1952,True
POL-0000075,37.339887,-119.69414,CA,270798.81,Masonry,Residential,1944,True
POL-0000076,32.263594,-84.93656,GA,274595.47,Frame,Residential,2011,True
POL-0000077,32.027036,-83.785939,GA,258602.24,Frame,Residential,1988,True
POL-0000078,34.783801,-78.85402,NC,389308.62,Frame,Residential,1945,True
POL-0000079,40.391217,-74.634505,NJ,130836.02,Masonry,Residential,1994,True
POL-0000080,34.616711,-80.958351,SC,466473.97,Masonry,Residential,2008,True
POL-0000081,35.11714,-78.64437,NC,128918.77,Masonry,Residential,1952,True
POL-0000082,30.8766,-92.373316,LA,252512.51,Masonry,Residential,1989,True
POL-0000083,36.54622,-86.363727,TN,261626.09,Frame,Commercial,1946,False
POL-0000084,36.636401,-120.487336,CA,356298.17,Masonry,Residential,1994,True
POL-0000085,34.385647,-110.203181,AZ,231213.09,Masonry,Residential,1930,False
POL-0000086,37.841837,-118.956132,CA,367432.25,Concrete,Residential,1986,True
POL-0000087,35.401072,-96.864681,OK,250088.56,Brick,Commercial,2024,False
POL-0000088,44.070259,-85.376846,MI,276675.35,Concrete,Industrial,1936,False
POL-0000089,35.820961,-119.881537,CA,459725.08,Masonry,Residential,2005,True
POL-0000090,32.420364,-90.165399,MS,179002.29,Masonry,Residential,1964,True
POL-0000091,36.649007,-118.202186,CA,482538.02,Frame,Commercial,1962,True
POL-0000092,40.325133,-82.245762,OH,77826.91,Frame,Residential,2017,False
POL-0000093,42.249651,-71.388384,MA,679067.71,Frame,Residential,1978,True
POL-0000094,38.455892,-97.330793,KS,93770.63,Frame,Residential,2022,False
POL-0000095,32.198674,-83.431582,GA,169317.12,Frame,Commercial,1985,True
POL-0000096,41.98951,-76.31967,NY,123092.87,Brick,Industrial,1976,True
POL-0000097,39.966672,-86.611693,IN,243442.43,Steel,Commercial,2000,False
POL-0000098,36.364739,-118.362046,CA,351340.1,Frame,Residential,1954,True
POL-0000099,37.591858,-118.676919,CA,210466.06,Masonry,Residential,1991,True
POL-0000100,47.438803,-121.216643,WA,288883.88,Brick,Residential,1958,True
POL-0000101,31.122727,-100.000946,TX,1509147.01,Concrete,Residential,1987,True
POL-0000102,41.127015,-83.424442,OH,121015.14,Masonry,Residential,1923,False
POL-0000103,28.675585,-81.685937,FL,692590.53,Frame,Residential,1958,True
POL-0000104,47.150086,-119.310173,WA,211638.46,Frame,Commercial,1944,True
POL-0000105,33.68421,-81.030268,SC,220195.07,Masonry,Residential,2016,True
POL-0000106,35.962613,-96.984059,OK,368604.76,Masonry,Residential,2001,False
POL-0000107,41.938747,-71.668372,MA,90104.56,Frame,Commercial,1927,True
POL-0000108,29.575628,-81.999237,FL,612091.65,Frame,Industrial,2009,True
POL-0000109,37.816079,-119.038491,CA,159630.09,Frame,Residential,2000,True
POL-0000110,31.261616,-100.091992,TX,447411.87,Frame,Residential,1987,True
POL-0000111,42.943251,-72.044146,MA,344642.1,Brick,Residential,1952,True
POL-0000112,39.138961,-75.467057,DE,180351.66,Frame,Residential,2013,True
POL-0000113,31.261806,-83.147813,GA,376253.69,Frame,Residential,1957,True
POL-0000114,35.120067,-105.755358,NM,200692.21,Frame,Residential,1951,False
POL-0000115,39.697704,-104.982287,CO,210544.54,Frame,Commercial,1963,False
POL-0000116,30.937632,-99.201934,TX,475777.52,Concrete,Residential,1923,True
POL-0000117,41.530598,-78.516028,PA,750859.27,Masonry,Residential,1976,False
POL-0000118,35.484663,-96.99242,OK,153157.93,Masonry,Residential,1969,False
POL-0000119,38.878235,-77.349063,MD,158384.28,Brick,Residential,1926,True
POL-0000120,41.992224,-76.030763,NY,373992.47,Brick,Commercial,1968,True
POL-0000121,43.044501,-75.907787,NY,223876.22,Brick,Residential,1996,True
POL-0000122,35.465997,-79.415125,NC,668091.48,Masonry,Commercial,1996,True
POL-0000123,37.910518,-118.767682,CA,1038611.3,Masonry,Mixed-Use,1986,True
POL-0000124,45.987442,-69.37079,ME,662983.79,Brick,Residential,1954,True
POL-0000125,35.176568,-93.108063,AR,188568.16,Brick,Residential,2002,False
POL-0000126,46.16989,-95.277866,MN,336876.13,Masonry,Mixed-Use,1950,False
POL-0000127,39.1907,-88.596407,IL,41063.69,Brick,Commercial,2020,False
POL-0000128,37.776963,-120.008942,CA,186998.11,Frame,Residential,2007,True
POL-0000129,36.408041,-118.881058,CA,274673.72,Frame,Residential,1961,True
POL-0000130,42.62844,-74.293605,NY,71557.63,Frame,Commercial,1956,True
POL-0000131,38.743037,-119.538635,CA,433925.68,Frame,Residential,1957,True
POL-0000132,37.153707,-78.631454,VA,56303.33,Frame,Residential,1977,True
POL-0000133,34.072969,-106.631912,NM,348747.09,Frame,Residential,1946,False
POL-0000134,40.477958,-89.213146,IL,152002.35,Frame,Commercial,1966,False
POL-0000135,42.991135,-75.363118,NY,118209.38,Frame,Residential,1987,True
POL-0000136,35.094669,-111.244817,AZ,253521.95,Masonry,Residential,2000,False
POL-0000137,47.519209,-121.28735,WA,80405.87,Masonry,Industrial,1945,True
POL-0000138,43.992368,-85.220652,MI,115131.42,Steel,Residential,1949,False
POL-0000139,33.494818,-80.25936,SC,204501.43,Frame,Mixed-Use,1928,True
POL-0000140,38.002431,-119.907799,CA,427262.77,Concrete,Residential,1936,True
POL-0000141,47.094398,-94.885946,MN,188393.9,Frame,Industrial,2016,False
POL-0000142,46.063621,-95.495213,MN,174447.04,Concrete,Residential,1950,False
POL-0000143,36.79661,-79.378392,VA,423553.26,Masonry,Commercial,1968,True
POL-0000144,40.990997,-74.251268,NJ,337263.72,Brick,Residential,2019,True
POL-0000145,44.324501,-85.342334,MI,166178.74,Masonry,Residential,1933,False
POL-0000146,29.308414,-83.073109,FL,269867.4,Brick,Residential,2024,True
POL-0000147,40.608985,-90.362223,IL,254794.99,Concrete,Residential,1949,False
POL-0000148,37.782741,-92.415874,MO,380669.31,Frame,Residential,1955,False
POL-0000149,42.590297,-72.007737,MA,140519.07,Concrete,Residential,2019,True
POL-0000150,35.60701,-112.774766,AZ,90095.59,Frame,Residential,1936,False
POL-0000151,30.862114,-98.928626,TX,238511.56,Frame,Residential,1926,True
POL-0000152,32.779512,-98.68754,TX,164009.45,Frame,Commercial,2005,True
POL-0000153,36.642585,-118.951158,CA,650692.2,Frame,Commercial,2018,True
POL-0000154,39.68635,-75.074519,NJ,627417.48,Frame,Commercial,1932,True
POL-0000155,37.504161,-119.675541,CA,327589.68,Frame,Residential,1957,True
POL-0000156,35.670914,-79.593931,NC,647730.14,Masonry,Residential,2011,True
POL-0000157,32.828827,-83.71416,GA,465522.07,Frame,Residential,1989,True
POL-0000158,35.09025,-78.797949,NC,441921.69,Masonry,Residential,1998,True
POL-0000159,44.275887,-120.081294,OR,257968.81,Concrete,Industrial,2019,True
POL-0000160,40.771761,-77.796991,PA,265397.27,Masonry,Residential,1928,False
POL-0000161,35.960778,-119.394652,CA,1053872.41,Brick,Residential,1998,True
POL-0000162,39.01824,-112.461227,UT,334411.35,Frame,Residential,1934,False
POL-0000163,29.843107,-82.049884,FL,79538.42,Frame,Residential,1991,True
POL-0000164,34.085242,-111.397361,AZ,157783.04,Brick,Residential,2019,False
POL-0000165,40.62844,-74.437475,NJ,412991.84,Masonry,Residential,2012,True
POL-0000166,42.351098,-94.42384,IA,258109.85,Brick,Residential,1980,False
POL-0000167,32.63805,-100.203487,TX,385789.63,Brick,Residential,1943,True
POL-0000168,36.727176,-86.359639,TN,1079658.15,Concrete,Residential,1965,False
POL-0000169,44.749362,-115.012159,ID,864882.81,Masonry,Residential,1925,False
POL-0000170,48.026747,-121.845533,WA,199241.35,Masonry,Residential,2000,True
POL-0000171,32.052785,-83.409298,GA,184130.78,Brick,Commercial,2011,True
POL-0000172,39.353018,-93.156013,MO,241015.76,Frame,Residential,2015,False
POL-0000173,28.097822,-82.683722,FL,204747.6,Masonry,Commercial,1943,True
POL-0000174,36.633626,-78.697006,VA,101877.5,Masonry,Residential,2022,True
POL-0000175,36.825563,-119.4677,CA,937243.12,Brick,Residential,1921,True
POL-0000176,34.534502,-92.203468,AR,256699.05,Brick,Residential,2014,False
POL-0000177,38.409538,-76.836321,MD,193766.5,Brick,Residential,1940,True
POL-0000178,43.612613,-90.636109,WI,1093910.06,Masonry,Residential,1959,False
POL-0000179,32.416148,-99.009394,TX,216584.87,Frame,Residential,1980,True
POL-0000180,40.225858,-78.969467,PA,636341.58,Concrete,Commercial,1926,False
POL-0000181,32.414965,-100.9621,TX,1043699.93,Concrete,Commercial,1970,True
POL-0000182,32.286844,-98.950587,TX,60946.35,Frame,Residential,2020,True
POL-0000183,38.29296,-92.169279,MO,186778.62,Frame,Residential,1937,False
POL-0000184,44.224482,-114.436352,ID,208345.91,Masonry,Residential,1926,False
POL-0000185,41.31363,-77.71418,PA,191798.1,Frame,Residential,1975,False
POL-0000186,35.672231,-79.470484,NC,248229.77,Frame,Residential,1975,True
POL-0000187,42.476807,-92.510154,IA,147930.97,Masonry,Residential,1923,False
POL-0000188,36.051645,-119.226199,CA,235405.09,Masonry,Residential,1949,True
POL-0000189,40.751235,-76.213329,PA,374087.17,Frame,Residential,1934,False
POL-0000190,28.102129,-81.853446,FL,409604.67,Steel,Residential,1991,True
POL-0000191,37.429859,-77.721673,VA,103349.3,Brick,Residential,2014,True
POL-0000192,27.991459,-82.506322,FL,870408.13,Concrete,Residential,2022,True
POL-0000193,37.68408,-119.910178,CA,322176.55,Masonry,Residential,2003,True
POL-0000194,31.249913,-100.603652,TX,281676.07,Frame,Residential,2015,True
POL-0000195,37.402769,-119.111822,CA,291485.26,Frame,Residential,1941,True
POL-0000196,39.663497,-105.928247,CO,305865.51,Concrete,Commercial,2015,False
POL-0000197,42.310056,-76.194544,NY,247419.8,Brick,Residential,1983,True
POL-0000198,31.550109,-98.821473,TX,116614.72,Frame,Residential,1962,True
POL-0000199,41.589365,-72.561509,CT,148553.75,Masonry,Residential,1987,True
POL-0000200,21.060457,-157.556937,HI,154033.43,Frame,Residential,2020,True
