state,peril,flagged_policies,exposed_tiv
CA,wildfire,111331,33273213694.85
IL,flood,27718,8356570904.2
FL,hurricane,23964,7171116597.58
AZ,wildfire,16083,4839719144.44
MS,flood,8796,2635599355.12
IN,severe_thunderstorm,8167,2477323932.46
IA,severe_thunderstorm,6179,1830514890.45
OK,tornado,5937,1752514715.78
KS,tornado,5137,1558769906.62
NC,hurricane,2388,717957039.43
SC,hurricane,1262,378609356.45
LA,hurricane,257,81747546.37
KY,severe_thunderstorm,226,71091540.38
TX,hurricane,59,18270231.0
MS,hurricane,30,8261569.32
IL,severe_thunderstorm,14,3658554.22
NV,wildfire,13,3455742.69
LA,flood,9,2603697.01
IN,flood,2,955849.39
MO,severe_thunderstorm,2,535647.86
AL,flood,2,356301.53
TX,tornado,1,236530.85
